Dates,10 Y Bond Yield,2 Y Bond Yield,5 Y Bond Yield,1 year Bond Yield
2000-01-07,5.443,4.246,4.832,3.74
2000-01-14,5.552,4.291,4.965,3.728
2000-01-21,5.584,4.291,5.063,3.738
2000-01-28,5.63,4.401,5.092,3.884
2000-02-04,5.494,4.383,5.068,3.867
2000-02-11,5.599,4.453,5.171,3.865
2000-02-18,5.571,4.523,5.193,3.962
2000-02-25,5.45,4.393,5.027,3.857
2000-03-03,5.461,4.461,5.073,3.936
2000-03-10,5.37,4.488,5.001,4.024
2000-03-17,5.241,4.41,4.904,3.99
2000-03-24,5.248,4.463,4.889,4.17
2000-03-31,5.216,4.423,4.854,4.139
2000-04-07,5.184,4.368,4.829,4.123
2000-04-14,5.237,4.451,4.904,4.178
2000-04-21,5.298,4.518,4.968,4.264
2000-04-28,5.298,4.594,4.998,4.346
2000-05-05,5.421,4.825,5.22,4.542
2000-05-12,5.394,4.899,5.23,4.608
2000-05-19,5.416,5.05,5.273,4.772
2000-05-26,5.202,4.804,5.008,4.639
2000-06-02,5.089,4.779,4.892,4.641
2000-06-09,5.147,4.968,5.038,4.765
2000-06-16,5.09,4.777,4.918,4.735
2000-06-23,5.257,4.992,5.102,4.868
2000-06-30,5.221,4.95,5.022,4.871
2000-07-07,5.258,4.991,5.089,4.873
2000-07-14,5.302,5.127,5.19,4.983
2000-07-21,5.258,5.12,5.171,5.005
2000-07-28,5.198,5.112,5.135,5.032
2000-08-04,5.187,5.072,5.104,5.004
2000-08-11,5.135,5.152,5.109,5.092
2000-08-18,5.208,5.248,5.208,5.144
2000-08-25,5.23,5.248,5.222,5.172
2000-09-01,5.187,5.12,5.114,5.08
2000-09-08,5.277,5.214,5.207,5.158
2000-09-15,5.297,5.096,5.131,5.106
2000-09-22,5.238,4.993,5.034,5.018
2000-09-29,5.23,5.043,5.057,5.093
2000-10-06,5.252,5.068,5.096,5.118
2000-10-13,5.197,4.971,4.975,5.072
2000-10-20,5.198,5.062,5.062,5.138
2000-10-27,5.209,5.061,5.047,5.166
2000-11-03,5.212,5.05,5.077,5.133
2000-11-10,5.218,5.006,5.06,5.085
2000-11-17,5.185,4.973,4.998,5.042
2000-11-24,5.12,4.994,4.992,5.067
2000-12-01,4.998,4.854,4.832,4.966
2000-12-08,4.958,4.758,4.734,4.866
2000-12-15,4.874,4.619,4.604,4.797
2000-12-22,4.871,4.54,4.584,4.679
2000-12-29,4.851,4.446,4.508,4.63
2001-01-05,4.693,4.206,4.341,4.368
2001-01-12,4.83,4.476,4.542,4.569
2001-01-19,4.844,4.389,4.513,4.485
2001-01-26,4.852,4.535,4.608,4.606
2001-02-02,4.787,4.42,4.507,4.538
2001-02-09,4.771,4.422,4.509,4.552
2001-02-16,4.818,4.491,4.592,4.579
2001-02-23,4.828,4.485,4.583,4.627
2001-03-02,4.735,4.397,4.492,4.536
2001-03-09,4.717,4.4,4.479,4.546
2001-03-16,4.665,4.202,4.352,4.44
2001-03-23,4.621,4.094,4.274,4.278
2001-03-30,4.705,4.138,4.334,4.288
2001-04-06,4.712,4.125,4.333,4.269
2001-04-13,4.857,4.408,4.564,4.556
2001-04-20,4.951,4.446,4.612,4.573
2001-04-27,4.974,4.49,4.64,4.628
2001-05-04,4.955,4.506,4.646,4.66
2001-05-11,5.016,4.262,4.583,4.412
2001-05-18,5.07,4.373,4.687,4.457
2001-05-25,5.199,4.376,4.736,4.454
2001-06-01,5.076,4.319,4.633,4.34
2001-06-08,5.073,4.328,4.604,4.32
2001-06-15,5.014,4.31,4.565,4.328
2001-06-22,4.94,4.218,4.465,4.265
2001-06-29,5.103,4.281,4.59,4.265
2001-07-06,5.08,4.313,4.601,4.286
2001-07-13,5.077,4.283,4.583,4.269
2001-07-20,4.957,4.223,4.49,4.242
2001-07-27,4.904,4.152,4.429,4.188
2001-08-03,4.909,4.126,4.423,4.145
2001-08-10,4.802,4.013,4.297,4.056
2001-08-17,4.755,3.963,4.246,4.031
2001-08-24,4.88,4.07,4.361,4.08
2001-08-31,4.788,3.947,4.201,3.996
2001-09-07,4.821,3.93,4.222,4.008
2001-09-14,4.77,3.565,4.014,3.736
2001-09-21,4.886,3.485,4.086,3.474
2001-09-28,4.791,3.481,4.062,3.456
2001-10-05,4.653,3.329,3.936,3.341
2001-10-12,4.692,3.437,4.011,3.42
2001-10-19,4.625,3.357,3.935,3.342
2001-10-26,4.501,3.284,3.853,3.299
2001-11-02,4.334,3.104,3.692,3.16
2001-11-09,4.319,3.061,3.687,3.042
2001-11-16,4.559,3.408,4.036,3.292
2001-11-23,4.602,3.519,4.137,3.267
2001-11-30,4.555,3.387,4.026,3.163
2001-12-07,4.861,3.701,4.35,3.297
2001-12-14,4.762,3.588,4.252,3.243
2001-12-21,4.874,3.593,4.297,3.295
2001-12-28,4.996,3.644,4.386,3.307
2002-01-04,4.975,3.677,4.402,3.333
2002-01-11,4.823,3.716,4.322,3.422
2002-01-18,4.832,3.71,4.316,3.407
2002-01-25,4.972,3.958,4.548,3.541
2002-02-01,4.88,3.884,4.47,3.497
2002-02-08,4.915,3.829,4.451,3.463
2002-02-15,4.924,3.839,4.475,3.471
2002-02-22,4.921,3.826,4.486,3.461
2002-03-01,5.009,3.902,4.584,3.501
2002-03-08,5.176,4.117,4.827,3.6
2002-03-15,5.226,4.249,4.855,3.804
2002-03-22,5.257,4.32,4.917,3.881
2002-03-29,5.255,4.334,4.913,3.908
2002-04-05,5.135,4.173,4.753,3.828
2002-04-12,5.148,4.139,4.766,3.774
2002-04-19,5.204,4.162,4.811,3.759
2002-04-26,5.092,4.031,4.669,3.654
2002-05-03,5.116,4.1,4.72,3.723
2002-05-10,5.199,4.209,4.831,3.803
2002-05-17,5.258,4.351,4.9,4.093
2002-05-24,5.16,4.221,4.784,3.975
2002-05-31,5.168,4.247,4.8,3.973
2002-06-07,5.131,4.176,4.723,3.916
2002-06-14,4.973,4.011,4.535,3.789
2002-06-21,4.966,4.025,4.556,3.78
2002-06-28,4.942,3.925,4.491,3.681
2002-07-05,5.015,3.99,4.545,3.717
2002-07-12,4.875,3.853,4.382,3.58
2002-07-19,4.84,3.803,4.342,3.542
2002-07-26,4.729,3.608,4.179,3.394
2002-08-02,4.632,3.446,4.039,3.306
2002-08-09,4.561,3.452,4.005,3.315
2002-08-16,4.57,3.621,4.155,3.407
2002-08-23,4.654,3.614,4.184,3.424
2002-08-30,4.568,3.477,4.049,3.33
2002-09-06,4.406,3.215,3.802,3.137
2002-09-13,4.413,3.267,3.827,3.188
2002-09-20,4.357,3.188,3.743,3.136
2002-09-27,4.342,3.191,3.706,3.109
2002-10-04,4.366,3.033,3.651,2.999
2002-10-11,4.425,3.188,3.765,3.1
2002-10-18,4.6,3.274,3.954,3.094
2002-10-25,4.595,3.251,3.934,3.105
2002-11-01,4.552,3.108,3.803,3.032
2002-11-08,4.47,3.06,3.75,3.01
2002-11-15,4.46,3.05,3.74,2.95
2002-11-22,4.51,3.07,3.79,2.95
2002-11-29,4.49,3.1,3.8,2.95
2002-12-06,4.412,2.995,3.72,2.864
2002-12-13,4.32,2.851,3.575,2.767
2002-12-20,4.294,2.814,3.508,2.73
2002-12-27,4.197,2.722,3.412,2.679
2003-01-03,4.333,2.798,3.519,2.702
2003-01-10,4.265,2.684,3.41,2.63
2003-01-17,4.174,2.628,3.317,2.614
2003-01-24,4.025,2.573,3.226,2.565
2003-01-31,4.072,2.596,3.266,2.567
2003-02-07,3.997,2.49,3.232,2.484
2003-02-14,3.976,2.441,3.157,2.433
2003-02-21,3.937,2.421,3.127,2.427
2003-02-28,3.918,2.295,3.055,2.293
2003-03-07,3.839,2.244,3.002,2.277
2003-03-14,4.025,2.481,3.269,2.42
2003-03-21,4.277,2.642,3.522,2.463
2003-03-28,4.129,2.503,3.344,2.39
2003-04-04,4.186,2.492,3.375,2.349
2003-04-11,4.207,2.548,3.416,2.402
2003-04-18,4.172,2.585,3.409,2.461
2003-04-25,4.101,2.453,3.285,2.358
2003-05-02,4.082,2.411,3.261,2.321
2003-05-09,3.926,2.316,3.091,2.292
2003-05-16,3.824,2.209,2.976,2.18
2003-05-23,3.64,2.096,2.832,2.104
2003-05-30,3.721,2.116,2.879,2.092
2003-06-06,3.679,2.025,2.778,1.971
2003-06-13,3.465,1.888,2.586,1.856
2003-06-20,3.697,2.032,2.848,1.931
2003-06-27,3.848,2.179,3.011,2.011
2003-07-04,3.932,2.105,2.986,1.978
2003-07-11,3.917,2.138,2.979,2.01
2003-07-18,4.041,2.27,3.14,2.059
2003-07-25,4.0,2.278,3.134,2.04
2003-08-01,4.194,2.643,3.48,2.233
2003-08-08,4.015,2.42,3.235,2.157
2003-08-15,4.16,2.54,3.427,2.199
2003-08-22,4.186,2.62,3.481,2.239
2003-08-29,4.197,2.593,3.463,2.236
2003-09-05,4.314,2.56,3.531,2.222
2003-09-12,4.154,2.442,3.346,2.177
2003-09-19,4.16,2.415,3.329,2.149
2003-09-26,4.029,2.348,3.155,2.107
2003-10-03,4.21,2.568,3.395,2.219
2003-10-10,4.2,2.533,3.456,2.196
2003-10-17,4.323,2.7,3.615,2.298
2003-10-24,4.265,2.634,3.556,2.265
2003-10-31,4.331,2.686,3.601,2.292
2003-11-07,4.497,2.843,3.793,2.384
2003-11-14,4.365,2.671,3.629,2.277
2003-11-21,4.323,2.592,3.546,2.232
2003-11-28,4.457,2.812,3.743,2.355
2003-12-05,4.344,2.659,3.611,2.264
2003-12-12,4.304,2.677,3.539,2.288
2003-12-19,4.289,2.642,3.507,2.251
2003-12-26,4.25,2.606,3.473,2.242
2004-01-02,4.33,2.616,3.538,2.21
2004-01-09,4.141,2.407,3.286,2.091
2004-01-16,4.152,2.437,3.32,2.097
2004-01-23,4.095,2.355,3.232,2.056
2004-01-30,4.24,2.524,3.402,2.155
2004-02-06,4.144,2.362,3.263,2.06
2004-02-13,4.103,2.315,3.333,2.069
2004-02-20,4.135,2.348,3.358,2.106
2004-02-27,4.051,2.215,3.244,2.003
2004-03-05,3.984,2.179,3.17,2.001
2004-03-12,3.901,2.157,3.103,1.999
2004-03-19,3.891,2.106,3.081,1.935
2004-03-26,3.87,2.083,3.024,1.864
2004-04-02,4.08,2.366,3.306,2.106
2004-04-09,4.067,2.281,3.261,2.023
2004-04-16,4.113,2.361,3.333,2.073
2004-04-23,4.181,2.428,3.407,2.109
2004-04-30,4.175,2.439,3.411,2.125
2004-05-07,4.302,2.582,3.561,2.221
2004-05-14,4.309,2.567,3.575,2.298
2004-05-21,4.31,2.539,3.567,2.277
2004-05-28,4.328,2.532,3.531,2.268
2004-06-04,4.395,2.635,3.608,2.315
2004-06-11,4.426,2.752,3.705,2.383
2004-06-18,4.353,2.694,3.619,2.363
2004-06-25,4.325,2.719,3.572,2.317
2004-07-02,4.262,2.638,3.489,2.247
2004-07-09,4.235,2.609,3.458,2.235
2004-07-16,4.197,2.572,3.411,2.221
2004-07-23,4.247,2.658,3.494,2.264
2004-07-30,4.216,2.626,3.458,2.243
2004-08-06,4.074,2.457,3.276,2.163
2004-08-13,4.047,2.43,3.248,2.15
2004-08-20,4.063,2.435,3.261,2.236
2004-08-27,4.071,2.451,3.372,2.252
2004-09-03,4.148,2.6,3.477,2.35
2004-09-10,4.057,2.566,3.386,2.327
2004-09-17,4.025,2.562,3.363,2.337
2004-09-24,3.971,2.597,3.312,2.329
2004-10-01,4.023,2.579,3.339,2.31
2004-10-08,3.947,2.506,3.249,2.263
2004-10-15,3.9,2.435,3.193,2.221
2004-10-22,3.862,2.416,3.157,2.215
2004-10-29,3.873,2.429,3.164,2.239
2004-11-05,3.903,2.493,3.2,2.29
2004-11-12,3.778,2.364,3.06,2.231
2004-11-19,3.785,2.441,3.106,2.318
2004-11-26,3.773,2.331,3.02,2.233
2004-12-03,3.752,2.328,2.997,2.228
2004-12-10,3.612,2.326,2.893,2.21
2004-12-17,3.619,2.405,2.971,2.272
2004-12-24,3.601,2.429,2.946,2.278
2004-12-31,3.683,2.481,3.031,2.285
2005-01-07,3.61,2.439,2.97,2.253
2005-01-14,3.56,2.392,2.921,2.225
2005-01-21,3.573,2.401,2.932,2.223
2005-01-28,3.549,2.391,2.923,2.207
2005-02-04,3.497,2.402,2.916,2.21
2005-02-11,3.463,2.377,2.869,2.194
2005-02-18,3.664,2.484,3.047,2.223
2005-02-25,3.71,2.493,3.069,2.232
2005-03-04,3.696,2.428,3.007,2.197
2005-03-11,3.767,2.435,3.047,2.191
2005-03-18,3.703,2.538,3.061,2.279
2005-03-25,3.71,2.59,3.092,2.313
2005-04-01,3.613,2.467,3.036,2.245
2005-04-08,3.58,2.412,2.984,2.207
2005-04-15,3.491,2.35,2.902,2.17
2005-04-22,3.469,2.312,2.862,2.142
2005-04-29,3.396,2.248,2.79,2.115
2005-05-06,3.445,2.267,2.834,2.114
2005-05-13,3.307,2.234,2.74,2.114
2005-05-20,3.378,2.272,2.775,2.125
2005-05-27,3.333,2.179,2.689,2.09
2005-06-03,3.237,2.114,2.586,2.074
2005-06-10,3.145,2.082,2.529,2.055
2005-06-17,3.291,2.176,2.66,2.082
2005-06-24,3.135,2.035,2.499,1.995
2005-07-01,3.157,2.066,2.516,2.029
2005-07-08,3.181,2.146,2.567,2.077
2005-07-15,3.283,2.225,2.664,2.124
2005-07-22,3.231,2.186,2.614,2.116
2005-07-29,3.243,2.25,2.647,2.146
2005-08-05,3.377,2.334,2.781,2.188
2005-08-12,3.293,2.265,2.696,2.164
2005-08-19,3.204,2.197,2.604,2.135
2005-08-26,3.15,2.225,2.586,2.152
2005-09-02,3.059,2.131,2.476,2.103
2005-09-09,3.048,2.173,2.484,2.125
2005-09-16,3.115,2.25,2.566,2.153
2005-09-23,3.06,2.267,2.605,2.182
2005-09-30,3.148,2.394,2.732,2.264
2005-10-07,3.176,2.461,2.772,2.313
2005-10-14,3.291,2.487,2.857,2.316
2005-10-21,3.231,2.483,2.816,2.331
2005-10-28,3.406,2.623,3.002,2.459
2005-11-04,3.494,2.7,3.118,2.53
2005-11-11,3.512,2.733,3.14,2.555
2005-11-18,3.539,2.829,3.188,2.649
2005-11-25,3.427,2.717,3.037,2.599
2005-12-02,3.397,2.642,3.015,2.566
2005-12-09,3.445,2.793,3.097,2.629
2005-12-16,3.345,2.829,3.046,2.698
2005-12-23,3.326,2.882,3.085,2.728
2005-12-30,3.309,2.862,3.068,2.724
2006-01-06,3.262,2.765,2.975,2.633
2006-01-13,3.264,2.841,3.019,2.685
2006-01-20,3.375,2.903,3.129,2.716
2006-01-27,3.48,2.937,3.217,2.737
2006-02-03,3.489,2.956,3.231,2.759
2006-02-10,3.476,2.918,3.203,2.745
2006-02-17,3.447,2.896,3.172,2.73
2006-02-24,3.49,2.997,3.252,2.792
2006-03-03,3.591,3.111,3.384,2.87
2006-03-10,3.687,3.194,3.449,2.993
2006-03-17,3.691,3.232,3.475,3.034
2006-03-24,3.634,3.175,3.44,3.012
2006-03-31,3.771,3.29,3.585,3.117
2006-04-07,3.896,3.265,3.641,3.051
2006-04-14,3.957,3.323,3.72,3.062
2006-04-21,3.952,3.314,3.696,3.06
2006-04-28,3.951,3.379,3.735,3.13
2006-05-05,4.002,3.394,3.763,3.14
2006-05-12,4.081,3.409,3.81,3.189
2006-05-19,3.99,3.302,3.666,3.142
2006-05-26,3.884,3.264,3.584,3.117
2006-06-02,3.929,3.338,3.648,3.17
2006-06-09,3.934,3.355,3.649,3.15
2006-06-16,3.939,3.385,3.673,3.174
2006-06-23,4.081,3.539,3.83,3.335
2006-06-30,4.071,3.574,3.84,3.372
2006-07-07,4.065,3.605,3.849,3.409
2006-07-14,3.983,3.52,3.742,3.356
2006-07-21,3.956,3.527,3.729,3.366
2006-07-28,3.92,3.512,3.693,3.366
2006-08-04,3.906,3.547,3.706,3.412
2006-08-11,3.981,3.611,3.783,3.459
2006-08-18,3.902,3.63,3.737,3.493
2006-08-25,3.793,3.512,3.608,3.447
2006-09-01,3.745,3.525,3.581,3.479
2006-09-08,3.787,3.637,3.656,3.544
2006-09-15,3.776,3.661,3.677,3.63
2006-09-22,3.694,3.547,3.574,3.575
2006-09-29,3.709,3.585,3.628,3.608
2006-10-06,3.752,3.603,3.646,3.621
2006-10-13,3.832,3.68,3.737,3.657
2006-10-20,3.839,3.698,3.751,3.667
2006-10-27,3.809,3.72,3.75,3.708
2006-11-03,3.773,3.718,3.725,3.719
2006-11-10,3.714,3.692,3.671,3.72
2006-11-17,3.73,3.711,3.685,3.716
2006-11-24,3.699,3.675,3.649,3.701
2006-12-01,3.664,3.627,3.6,3.676
2006-12-08,3.728,3.725,3.702,3.728
2006-12-15,3.799,3.803,3.801,3.808
2006-12-22,3.881,3.859,3.873,3.857
2006-12-29,3.948,3.903,3.921,3.878
2007-01-05,3.982,3.925,3.948,3.896
2007-01-12,4.063,3.95,3.992,3.911
2007-01-19,4.05,3.961,4.008,3.935
2007-01-26,4.092,3.969,4.039,3.951
2007-02-02,4.061,3.913,3.974,3.919
2007-02-09,4.091,3.967,4.026,3.955
2007-02-16,4.05,3.955,3.994,3.958
2007-02-23,4.047,3.968,3.996,3.985
2007-03-02,3.938,3.833,3.856,3.911
2007-03-09,3.959,3.938,3.904,3.991
2007-03-16,3.905,3.909,3.879,4.006
2007-03-23,4.001,3.96,3.957,4.032
2007-03-30,4.057,4.016,4.018,4.072
2007-04-06,4.097,4.039,4.049,4.099
2007-04-13,4.231,4.141,4.177,4.151
2007-04-20,4.203,4.135,4.16,4.158
2007-04-27,4.22,4.17,4.191,4.173
2007-05-04,4.195,4.164,4.17,4.185
2007-05-11,4.217,4.171,4.187,4.187
2007-05-18,4.311,4.275,4.288,4.263
2007-05-25,4.387,4.343,4.366,4.294
2007-06-01,4.461,4.434,4.452,4.339
2007-06-08,4.572,4.47,4.522,4.33
2007-06-15,4.657,4.505,4.595,4.42
2007-06-22,4.653,4.463,4.58,4.389
2007-06-29,4.574,4.462,4.527,4.406
2007-07-06,4.677,4.537,4.631,4.449
2007-07-13,4.618,4.517,4.591,4.44
2007-07-20,4.438,4.417,4.432,4.418
2007-07-27,4.323,4.27,4.298,4.368
2007-08-03,4.317,4.278,4.294,4.374
2007-08-10,4.354,4.213,4.282,4.304
2007-08-17,4.287,3.961,4.08,4.044
2007-08-24,4.262,4.024,4.118,4.171
2007-08-31,4.242,4.013,4.115,4.095
2007-09-07,4.122,3.913,3.975,4.016
2007-09-14,4.166,3.986,4.054,4.08
2007-09-21,4.358,4.057,4.204,4.082
2007-09-28,4.329,4.028,4.163,4.034
2007-10-05,4.35,4.023,4.17,4.025
2007-10-12,4.421,4.196,4.309,4.16
2007-10-19,4.225,3.996,4.093,4.097
2007-10-26,4.173,3.948,4.041,4.072
2007-11-02,4.177,3.944,4.032,4.115
2007-11-09,4.087,3.813,3.902,4.044
2007-11-16,4.1,3.798,3.905,4.05
2007-11-23,4.044,3.645,3.779,3.987
2007-11-30,4.126,3.831,3.911,4.019
2007-12-07,4.199,3.908,3.976,4.056
2007-12-14,4.305,4.044,4.114,4.14
2007-12-21,4.304,3.969,4.119,4.094
2007-12-28,4.313,3.977,4.127,4.086
2008-01-04,4.135,3.731,3.863,4.0
2008-01-11,4.087,3.728,3.81,4.016
2008-01-18,3.974,3.476,3.626,3.851
2008-01-25,3.977,3.457,3.641,3.766
2008-02-01,3.919,3.376,3.549,3.713
2008-02-08,3.864,3.089,3.344,3.5
2008-02-15,3.955,3.117,3.424,3.604
2008-02-22,4.003,3.336,3.547,3.736
2008-02-29,3.891,3.16,3.368,3.651
2008-03-07,3.788,3.267,3.333,3.611
2008-03-14,3.732,3.246,3.32,3.646
2008-03-21,3.762,3.27,3.5,3.698
2008-03-28,3.938,3.465,3.649,3.761
2008-04-04,3.946,3.486,3.668,3.832
2008-04-11,3.91,3.41,3.54,3.836
2008-04-18,4.133,3.832,3.917,4.036
2008-04-25,4.178,3.856,3.936,4.057
2008-05-02,4.198,3.828,3.977,4.024
2008-05-09,3.995,3.699,3.754,3.99
2008-05-16,4.177,3.977,4.006,4.081
2008-05-23,4.266,4.205,4.149,4.204
2008-05-30,4.405,4.316,4.303,4.27
2008-06-06,4.421,4.636,4.43,4.533
2008-06-13,4.641,4.621,4.663,4.616
2008-06-20,4.628,4.605,4.674,4.651
2008-06-27,4.523,4.443,4.486,4.575
2008-07-04,4.495,4.405,4.463,4.561
2008-07-11,4.427,4.413,4.433,4.497
2008-07-18,4.571,4.54,4.599,4.538
2008-07-25,4.604,4.419,4.53,4.522
2008-08-01,4.349,4.263,4.274,4.475
2008-08-08,4.261,4.055,4.075,4.388
2008-08-15,4.165,4.001,3.995,4.39
2008-08-22,4.219,4.133,4.114,4.403
2008-08-29,4.176,4.111,4.095,4.321
2008-09-05,4.001,3.968,3.833,4.273
2008-09-12,4.185,3.963,3.987,4.327
2008-09-19,4.208,4.003,4.111,4.268
2008-09-26,4.164,3.662,3.907,3.878
2008-10-03,3.924,3.284,3.599,3.044
2008-10-10,3.996,3.038,3.562,2.513
2008-10-17,4.014,2.953,3.583,2.714
2008-10-24,3.751,2.667,3.259,2.665
2008-10-31,3.9,2.542,3.196,2.501
2008-11-07,3.681,2.411,2.948,2.311
2008-11-14,3.673,2.22,2.825,2.197
2008-11-21,3.39,2.091,2.662,1.918
2008-11-28,3.258,2.188,2.651,1.999
2008-12-05,3.029,2.054,2.517,1.966
2008-12-12,3.297,2.251,2.802,2.033
2008-12-19,3.002,1.83,2.428,1.793
2008-12-26,2.941,1.745,2.33,1.712
2009-01-02,2.957,1.727,2.288,1.728
2009-01-09,3.017,1.511,2.265,1.364
2009-01-16,2.93,1.478,2.201,1.327
2009-01-23,3.237,1.429,2.38,1.176
2009-01-30,3.296,1.532,2.494,1.161
2009-02-06,3.371,1.394,2.409,1.078
2009-02-13,3.107,1.31,2.23,1.062
2009-02-20,3.014,1.309,2.162,1.103
2009-02-27,3.112,1.311,2.234,1.029
2009-03-06,2.925,1.176,2.065,0.969
2009-03-13,3.059,1.331,2.241,0.952
2009-03-20,2.974,1.319,2.211,0.87
2009-03-27,3.086,1.312,2.338,0.867
2009-04-03,3.221,1.506,2.476,0.983
2009-04-10,3.25,1.386,2.431,0.905
2009-04-17,3.27,1.467,2.449,0.99
2009-04-24,3.191,1.376,2.395,0.956
2009-05-01,3.17,1.329,2.343,0.897
2009-05-08,3.447,1.305,2.523,0.813
2009-05-15,3.365,1.259,2.424,0.768
2009-05-22,3.547,1.308,2.538,0.879
2009-05-29,3.589,1.419,2.632,0.944
2009-06-05,3.722,1.674,2.846,1.106
2009-06-12,3.634,1.682,2.826,1.029
2009-06-19,3.502,1.453,2.628,0.903
2009-06-26,3.391,1.324,2.474,0.793
2009-07-03,3.34,1.237,2.395,0.746
2009-07-10,3.259,1.199,2.335,0.699
2009-07-17,3.4,1.253,2.466,0.671
2009-07-24,3.477,1.324,2.546,0.678
2009-07-31,3.3,1.263,2.406,0.622
2009-08-07,3.51,1.581,2.712,0.777
2009-08-14,3.317,1.299,2.452,0.642
2009-08-21,3.312,1.375,2.457,0.664
2009-08-28,3.25,1.255,2.371,0.596
2009-09-04,3.242,1.094,2.309,0.539
2009-09-11,3.236,1.199,2.266,0.627
2009-09-18,3.376,1.288,2.412,0.701
2009-09-25,3.256,1.215,2.409,0.661
2009-10-02,3.123,1.204,2.307,0.679
2009-10-09,3.204,1.37,2.396,0.802
2009-10-16,3.286,1.416,2.477,0.801
2009-10-23,3.348,1.378,2.509,0.765
2009-10-30,3.231,1.288,2.411,0.723
2009-11-06,3.364,1.276,2.49,0.687
2009-11-13,3.381,1.198,2.422,0.645
2009-11-20,3.254,1.324,2.362,0.802
2009-11-27,3.168,1.25,2.25,0.792
2009-12-04,3.238,1.345,2.344,0.825
2009-12-11,3.209,1.26,2.27,0.791
2009-12-18,3.137,1.149,2.164,0.725
2009-12-25,3.315,1.188,2.302,0.748
2010-01-01,3.387,1.332,2.423,0.798
2010-01-08,3.385,1.244,2.39,0.668
2010-01-15,3.262,1.135,2.361,0.615
2010-01-22,3.215,1.112,2.294,0.604
2010-01-29,3.196,1.119,2.276,0.611
2010-02-05,3.12,0.989,2.161,0.572
2010-02-12,3.192,0.983,2.218,0.519
2010-02-19,3.285,1.086,2.29,0.604
2010-02-26,3.101,0.955,2.127,0.536
2010-03-05,3.156,1.0,2.172,0.572
2010-03-12,3.167,1.049,2.202,0.583
2010-03-19,3.109,1.003,2.136,0.542
2010-03-26,3.15,1.0,2.202,0.489
2010-04-02,3.088,0.955,2.132,0.538
2010-04-09,3.166,0.968,2.185,0.529
2010-04-16,3.084,0.889,2.106,0.494
2010-04-23,3.061,0.902,2.09,0.506
2010-04-30,3.017,0.771,1.968,0.453
2010-05-07,2.797,0.532,1.647,0.277
2010-05-14,2.86,0.556,1.652,0.326
2010-05-21,2.666,0.512,1.519,0.3
2010-05-28,2.682,0.519,1.572,0.257
2010-06-04,2.584,0.476,1.448,0.273
2010-06-11,2.566,0.464,1.456,0.247
2010-06-18,2.729,0.581,1.6,0.325
2010-06-25,2.611,0.569,1.495,0.412
2010-07-02,2.583,0.666,1.486,0.457
2010-07-09,2.634,0.768,1.588,0.523
2010-07-16,2.606,0.776,1.605,0.544
2010-07-23,2.706,0.749,1.673,0.515
2010-07-30,2.669,0.784,1.653,0.506
2010-08-06,2.519,0.746,1.517,0.551
2010-08-13,2.393,0.655,1.364,0.526
2010-08-20,2.271,0.61,1.289,0.482
2010-08-27,2.2,0.633,1.281,0.506
2010-09-03,2.354,0.641,1.34,0.52
2010-09-10,2.4,0.736,1.374,0.553
2010-09-17,2.427,0.774,1.434,0.594
2010-09-24,2.342,0.729,1.477,0.564
2010-10-01,2.286,0.853,1.505,0.72
2010-10-08,2.254,0.786,1.421,0.69
2010-10-15,2.371,0.814,1.479,0.723
2010-10-22,2.474,1.003,1.677,0.84
2010-10-29,2.518,0.989,1.712,0.865
2010-11-05,2.417,0.915,1.557,0.854
2010-11-12,2.512,1.024,1.628,0.878
2010-11-19,2.703,1.107,1.829,0.872
2010-11-26,2.734,0.928,1.765,0.777
2010-12-03,2.857,0.858,1.824,0.671
2010-12-10,2.954,1.078,1.986,0.711
2010-12-17,3.029,1.058,2.036,0.703
2010-12-24,2.982,0.943,1.895,0.638
2010-12-31,2.963,0.864,1.838,0.603
2011-01-07,2.869,0.866,1.798,0.607
2011-01-14,3.028,1.151,2.17,0.766
2011-01-21,3.176,1.289,2.341,0.851
2011-01-28,3.146,1.362,2.381,0.952
2011-02-04,3.259,1.435,2.461,0.993
2011-02-11,3.292,1.406,2.465,0.981
2011-02-18,3.252,1.396,2.414,0.956
2011-02-25,3.15,1.536,2.372,1.129
2011-03-04,3.272,1.76,2.588,1.321
2011-03-11,3.212,1.647,2.505,1.233
2011-03-18,3.187,1.629,2.465,1.175
2011-03-25,3.278,1.729,2.582,1.239
2011-04-01,3.371,1.817,2.697,1.292
2011-04-08,3.48,1.903,2.804,1.369
2011-04-15,3.377,1.842,2.706,1.348
2011-04-22,3.259,1.753,2.631,1.327
2011-04-29,3.238,1.767,2.599,1.357
2011-05-06,3.169,1.757,2.551,1.371
2011-05-13,3.076,1.774,2.425,1.466
2011-05-20,3.055,1.767,2.411,1.472
2011-05-27,2.984,1.559,2.243,1.337
2011-06-03,3.057,1.688,2.364,1.436
2011-06-10,2.96,1.534,2.17,1.385
2011-06-17,2.958,1.51,2.163,1.357
2011-06-24,2.833,1.352,2.003,1.279
2011-07-01,3.032,1.647,2.292,1.462
2011-07-08,2.828,1.449,2.027,1.38
2011-07-15,2.694,1.211,1.846,1.19
2011-07-22,2.826,1.383,2.009,1.282
2011-07-29,2.537,1.158,1.719,1.12
2011-08-05,2.345,0.76,1.446,0.755
2011-08-12,2.332,0.685,1.405,0.633
2011-08-19,2.103,0.642,1.214,0.581
2011-08-26,2.154,0.647,1.229,0.588
2011-09-02,2.006,0.515,1.072,0.489
2011-09-09,1.77,0.386,0.864,0.314
2011-09-16,1.861,0.507,1.011,0.41
2011-09-23,1.745,0.389,0.903,0.252
2011-09-30,1.885,0.547,1.165,0.377
2011-10-07,2.0,0.599,1.246,0.451
2011-10-14,2.197,0.659,1.383,0.478
2011-10-21,2.104,0.659,1.32,0.463
2011-10-28,2.176,0.601,1.299,0.425
2011-11-04,1.822,0.401,0.966,0.247
2011-11-11,1.886,0.399,1.027,0.208
2011-11-18,1.964,0.462,1.092,0.284
2011-11-25,2.26,0.456,1.229,0.211
2011-12-02,2.131,0.299,1.041,0.075
2011-12-09,2.146,0.315,1.028,0.064
2011-12-16,1.849,0.216,0.811,0.021
2011-12-23,1.957,0.22,0.884,-0.011
2011-12-30,1.825,0.139,0.753,-0.081
2012-01-06,1.851,0.163,0.78,-0.077
2012-01-13,1.762,0.15,0.746,0.057
2012-01-20,1.927,0.205,0.887,0.067
2012-01-27,1.856,0.188,0.811,0.093
2012-02-03,1.931,0.201,0.869,0.093
2012-02-10,1.905,0.236,0.864,0.135
2012-02-17,1.923,0.25,0.908,0.136
2012-02-24,1.882,0.235,0.85,0.158
2012-03-02,1.799,0.158,0.781,0.102
2012-03-09,1.793,0.156,0.776,0.1
2012-03-16,2.049,0.331,1.062,0.168
2012-03-23,1.864,0.228,0.879,0.127
2012-03-30,1.792,0.204,0.794,0.118
2012-04-06,1.734,0.138,0.714,0.101
2012-04-13,1.733,0.124,0.67,0.074
2012-04-20,1.707,0.136,0.672,0.077
2012-04-27,1.697,0.099,0.639,0.041
2012-05-04,1.583,0.079,0.548,0.042
2012-05-11,1.515,0.088,0.545,0.06
2012-05-18,1.424,0.048,0.487,0.014
2012-05-25,1.368,0.044,0.448,0.016
2012-06-01,1.172,0.01,0.326,0.015
2012-06-08,1.328,0.04,0.444,0.019
2012-06-15,1.436,0.066,0.509,0.009
2012-06-22,1.58,0.133,0.64,0.036
2012-06-29,1.581,0.12,0.61,0.035
2012-07-06,1.326,-0.013,0.339,-0.074
2012-07-13,1.258,-0.045,0.307,-0.06
2012-07-20,1.166,-0.077,0.238,-0.107
2012-07-27,1.397,-0.032,0.416,-0.043
2012-08-03,1.422,-0.024,0.425,-0.031
2012-08-10,1.384,-0.077,0.343,-0.047
2012-08-17,1.494,-0.044,0.423,-0.056
2012-08-24,1.353,-0.015,0.351,-0.06
2012-08-31,1.333,-0.037,0.333,-0.015
2012-09-07,1.518,0.03,0.442,-0.018
2012-09-14,1.705,0.101,0.707,-0.008
2012-09-21,1.596,0.032,0.592,-0.04
2012-09-28,1.441,0.018,0.509,-0.018
2012-10-05,1.52,0.055,0.564,-0.01
2012-10-12,1.444,0.039,0.492,-0.008
2012-10-19,1.593,0.109,0.62,0.011
2012-10-26,1.536,0.048,0.531,-0.011
2012-11-02,1.449,0.003,0.46,-0.018
2012-11-09,1.347,-0.036,0.363,-0.021
2012-11-16,1.33,-0.036,0.349,-0.021
2012-11-23,1.435,-0.005,0.438,-0.008
2012-11-30,1.385,0.007,0.405,-0.003
2012-12-07,1.294,-0.08,0.289,-0.054
2012-12-14,1.347,-0.045,0.329,-0.021
2012-12-21,1.375,-0.013,0.346,-0.008
2012-12-28,1.308,-0.017,0.296,-0.003
2013-01-04,1.535,0.073,0.513,0.011
2013-01-11,1.582,0.132,0.624,0.043
2013-01-18,1.554,0.181,0.61,0.044
2013-01-25,1.636,0.254,0.727,0.095
2013-02-01,1.672,0.245,0.728,0.128
2013-02-08,1.609,0.178,0.629,0.072
2013-02-15,1.652,0.184,0.656,0.05
2013-02-22,1.567,0.125,0.561,0.021
2013-03-01,1.41,0.027,0.403,-0.003
2013-03-08,1.524,0.086,0.507,0.024
2013-03-15,1.454,0.044,0.428,0.023
2013-03-22,1.378,0.026,0.383,0.021
2013-03-29,1.288,-0.026,0.311,0.008
2013-04-05,1.211,0.011,0.285,0.008
2013-04-12,1.26,0.014,0.316,-0.001
2013-04-19,1.25,0.019,0.327,-0.001
2013-04-26,1.205,-0.002,0.302,-0.012
2013-05-03,1.239,-0.002,0.325,-0.011
2013-05-10,1.379,0.049,0.437,0.005
2013-05-17,1.325,-0.032,0.354,-0.023
2013-05-24,1.43,0.007,0.43,-0.021
2013-05-31,1.504,0.067,0.487,0.001
2013-06-07,1.545,0.177,0.588,0.053
2013-06-14,1.513,0.125,0.538,0.035
2013-06-21,1.724,0.262,0.798,0.11
2013-06-28,1.728,0.187,0.734,0.086
2013-07-05,1.718,0.111,0.637,0.024
2013-07-12,1.559,0.101,0.558,0.043
2013-07-19,1.518,0.084,0.506,0.022
2013-07-26,1.665,0.149,0.644,0.051
2013-08-02,1.65,0.151,0.646,0.041
2013-08-09,1.679,0.16,0.664,0.047
2013-08-16,1.88,0.218,0.814,0.059
2013-08-23,1.934,0.281,0.9,0.063
2013-08-30,1.855,0.235,0.817,0.102
2013-09-06,1.949,0.265,1.017,0.087
2013-09-13,1.975,0.22,0.989,0.081
2013-09-20,1.942,0.209,0.932,0.079
2013-09-27,1.777,0.167,0.796,0.086
2013-10-04,1.84,0.173,0.86,0.087
2013-10-11,1.863,0.178,0.849,0.077
2013-10-18,1.831,0.172,0.807,0.074
2013-10-25,1.755,0.183,0.772,0.098
2013-11-01,1.691,0.112,0.662,0.066
2013-11-08,1.757,0.098,0.687,0.037
2013-11-15,1.705,0.107,0.646,0.047
2013-11-22,1.746,0.133,0.685,0.056
2013-11-29,1.692,0.114,0.651,0.079
2013-12-06,1.841,0.213,0.806,0.117
2013-12-13,1.827,0.242,0.813,0.146
2013-12-20,1.869,0.222,0.88,0.131
2013-12-27,1.954,0.239,0.956,0.12
2014-01-03,1.942,0.206,0.921,0.124
2014-01-10,1.842,0.184,0.828,0.116
2014-01-17,1.752,0.17,0.84,0.102
2014-01-24,1.657,0.123,0.747,0.089
2014-01-31,1.658,0.066,0.649,0.057
2014-02-07,1.66,0.09,0.661,0.077
2014-02-14,1.678,0.11,0.673,0.071
2014-02-21,1.661,0.118,0.663,0.083
2014-02-28,1.623,0.127,0.667,0.111
2014-03-07,1.652,0.177,0.684,0.152
2014-03-14,1.545,0.15,0.596,0.139
2014-03-21,1.63,0.205,0.696,0.169
2014-03-28,1.548,0.141,0.609,0.138
2014-04-04,1.552,0.161,0.603,0.137
2014-04-11,1.502,0.156,0.578,0.141
2014-04-18,1.514,0.169,0.59,0.129
2014-04-25,1.483,0.168,0.586,0.11
2014-05-02,1.449,0.124,0.523,0.137
2014-05-09,1.454,0.132,0.559,0.114
2014-05-16,1.329,0.092,0.453,0.075
2014-05-23,1.412,0.061,0.459,0.061
2014-05-30,1.357,0.061,0.428,0.064
2014-06-06,1.351,0.051,0.373,0.057
2014-06-13,1.361,0.026,0.393,0.006
2014-06-20,1.343,0.035,0.397,0.025
2014-06-27,1.261,0.033,0.366,0.006
2014-07-04,1.264,0.018,0.343,-0.004
2014-07-11,1.202,0.016,0.304,0.005
2014-07-18,1.154,0.025,0.308,0.006
2014-07-25,1.146,0.024,0.301,-0.003
2014-08-01,1.13,0.018,0.287,0.006
2014-08-08,1.052,0.006,0.257,-0.009
2014-08-15,0.952,-0.014,0.191,-0.003
2014-08-22,0.981,0.002,0.221,-0.011
2014-08-29,0.89,-0.033,0.172,-0.029
2014-09-05,0.928,-0.074,0.192,-0.082
2014-09-12,1.082,-0.06,0.237,-0.081
2014-09-19,1.042,-0.071,0.201,-0.088
2014-09-26,0.971,-0.071,0.172,-0.081
2014-10-03,0.925,-0.068,0.161,-0.08
2014-10-10,0.886,-0.057,0.151,-0.07
2014-10-17,0.858,-0.054,0.165,-0.089
2014-10-24,0.891,-0.04,0.169,-0.083
2014-10-31,0.84,-0.058,0.125,-0.069
2014-11-07,0.816,-0.061,0.109,-0.076
2014-11-14,0.784,-0.046,0.104,-0.071
2014-11-21,0.769,-0.041,0.119,-0.068
2014-11-28,0.7,-0.034,0.111,-0.08
2014-12-05,0.78,-0.017,0.138,-0.074
2014-12-12,0.623,-0.046,0.078,-0.09
2014-12-19,0.592,-0.086,0.055,-0.109
2014-12-26,0.587,-0.099,0.05,-0.091
2015-01-02,0.497,-0.114,-0.006,-0.11
2015-01-09,0.491,-0.122,-0.005,-0.127
2015-01-16,0.452,-0.165,-0.051,-0.183
2015-01-23,0.361,-0.169,-0.026,-0.186
2015-01-30,0.302,-0.187,-0.051,-0.168
2015-02-06,0.374,-0.209,-0.039,-0.212
2015-02-13,0.341,-0.223,-0.068,-0.214
2015-02-20,0.365,-0.225,-0.075,-0.215
2015-02-27,0.327,-0.229,-0.088,-0.21
2015-03-06,0.393,-0.211,-0.053,-0.222
2015-03-13,0.256,-0.234,-0.092,-0.233
2015-03-20,0.183,-0.24,-0.113,-0.239
2015-03-27,0.206,-0.249,-0.095,-0.233
2015-04-03,0.193,-0.257,-0.089,-0.25
2015-04-10,0.154,-0.281,-0.13,-0.267
2015-04-17,0.077,-0.272,-0.155,-0.282
2015-04-24,0.154,-0.264,-0.102,-0.281
2015-05-01,0.37,-0.227,0.017,-0.281
2015-05-08,0.546,-0.208,0.058,-0.283
2015-05-15,0.623,-0.199,0.082,-0.269
2015-05-22,0.602,-0.219,0.059,-0.245
2015-05-29,0.486,-0.229,-0.004,-0.251
2015-06-05,0.843,-0.182,0.167,-0.25
2015-06-12,0.833,-0.187,0.152,-0.247
2015-06-19,0.75,-0.206,0.102,-0.249
2015-06-26,0.921,-0.193,0.167,-0.247
2015-07-03,0.789,-0.256,0.123,-0.265
2015-07-10,0.896,-0.212,0.219,-0.269
2015-07-17,0.787,-0.222,0.12,-0.268
2015-07-24,0.69,-0.227,0.07,-0.272
2015-07-31,0.643,-0.235,0.044,-0.246
2015-08-07,0.661,-0.263,0.025,-0.258
2015-08-14,0.659,-0.272,0.035,-0.258
2015-08-21,0.563,-0.258,-0.013,-0.264
2015-08-28,0.741,-0.212,0.097,-0.28
2015-09-04,0.666,-0.239,0.05,-0.287
2015-09-11,0.652,-0.234,0.019,-0.28
2015-09-18,0.662,-0.238,0.037,-0.284
2015-09-25,0.647,-0.246,0.019,-0.275
2015-10-02,0.509,-0.269,-0.054,-0.307
2015-10-09,0.615,-0.251,0.0,-0.312
2015-10-16,0.547,-0.272,-0.04,-0.329
2015-10-23,0.511,-0.322,-0.1,-0.362
2015-10-30,0.517,-0.317,-0.079,-0.374
2015-11-06,0.692,-0.294,0.004,-0.361
2015-11-13,0.558,-0.373,-0.108,-0.404
2015-11-20,0.479,-0.393,-0.156,-0.359
2015-11-27,0.459,-0.419,-0.193,-0.383
2015-12-04,0.677,-0.307,-0.012,-0.305
2015-12-11,0.539,-0.353,-0.111,-0.365
2015-12-18,0.547,-0.358,-0.099,-0.382
2015-12-25,0.635,-0.337,-0.038,-0.377
2016-01-01,0.628,-0.349,-0.047,-0.389
2016-01-08,0.513,-0.398,-0.136,-0.411
2016-01-15,0.539,-0.397,-0.16,-0.393
2016-01-22,0.483,-0.449,-0.228,-0.432
2016-01-29,0.324,-0.49,-0.313,-0.469
2016-02-05,0.295,-0.496,-0.249,-0.486
2016-02-12,0.26,-0.511,-0.287,-0.516
2016-02-19,0.201,-0.534,-0.326,-0.539
2016-02-26,0.146,-0.549,-0.369,-0.504
2016-03-04,0.237,-0.542,-0.345,-0.526
2016-03-11,0.27,-0.467,-0.279,-0.503
2016-03-18,0.211,-0.478,-0.296,-0.509
2016-03-25,0.179,-0.486,-0.308,-0.484
2016-04-01,0.133,-0.484,-0.334,-0.482
2016-04-08,0.095,-0.518,-0.392,-0.526
2016-04-15,0.127,-0.513,-0.383,-0.542
2016-04-22,0.23,-0.504,-0.333,-0.568
2016-04-29,0.271,-0.485,-0.289,-0.522
2016-05-06,0.143,-0.517,-0.376,-0.535
2016-05-13,0.123,-0.515,-0.382,-0.544
2016-05-20,0.164,-0.508,-0.354,-0.547
2016-05-27,0.137,-0.525,-0.383,-0.55
2016-06-03,0.067,-0.537,-0.413,-0.547
2016-06-10,0.02,-0.547,-0.429,-0.556
2016-06-17,0.018,-0.609,-0.499,-0.573
2016-06-24,-0.049,-0.649,-0.532,-0.671
2016-07-01,-0.127,-0.653,-0.563,-0.633
2016-07-08,-0.189,-0.696,-0.625,-0.653
2016-07-15,0.005,-0.653,-0.552,-0.623
2016-07-22,-0.031,-0.618,-0.489,-0.633
2016-07-29,-0.121,-0.632,-0.529,-0.621
2016-08-05,-0.068,-0.619,-0.519,-0.619
2016-08-12,-0.11,-0.629,-0.548,-0.634
2016-08-19,-0.034,-0.615,-0.496,-0.623
2016-08-26,-0.073,-0.62,-0.502,-0.614
2016-09-02,-0.045,-0.638,-0.502,-0.611
2016-09-09,0.009,-0.64,-0.488,-0.618
2016-09-16,0.006,-0.66,-0.503,-0.626
2016-09-23,-0.083,-0.677,-0.549,-0.645
2016-09-30,-0.122,-0.693,-0.577,-0.681
2016-10-07,0.018,-0.671,-0.495,-0.692
2016-10-14,0.056,-0.666,-0.485,-0.732
2016-10-21,0.005,-0.667,-0.499,-0.715
2016-10-28,0.166,-0.624,-0.393,-0.709
2016-11-04,0.133,-0.645,-0.429,-0.705
2016-11-11,0.307,-0.61,-0.333,-0.704
2016-11-18,0.27,-0.674,-0.367,-0.753
2016-11-25,0.238,-0.757,-0.437,-0.826
2016-12-02,0.279,-0.746,-0.426,-0.803
2016-12-09,0.362,-0.771,-0.444,-0.78
2016-12-16,0.312,-0.805,-0.475,-0.833
2016-12-23,0.218,-0.808,-0.529,-0.878
2016-12-30,0.204,-0.8,-0.543,-0.852
2017-01-06,0.296,-0.735,-0.472,-0.756
2017-01-13,0.336,-0.724,-0.478,-0.721
2017-01-20,0.42,-0.68,-0.417,-0.647
2017-01-27,0.46,-0.674,-0.369,-0.662
2017-02-03,0.41,-0.749,-0.356,-0.734
2017-02-10,0.318,-0.8,-0.444,-0.813
2017-02-17,0.3,-0.822,-0.465,-0.832
2017-02-24,0.184,-0.956,-0.6,-0.938
2017-03-03,0.353,-0.814,-0.421,-0.869
2017-03-10,0.481,-0.842,-0.311,-0.959
2017-03-17,0.432,-0.783,-0.332,-0.879
2017-03-24,0.401,-0.75,-0.32,-0.831
2017-03-31,0.325,-0.75,-0.386,-0.762
2017-04-07,0.226,-0.816,-0.487,-0.823
2017-04-14,0.186,-0.869,-0.524,-0.866
2017-04-21,0.251,-0.799,-0.444,-0.826
2017-04-28,0.315,-0.74,-0.39,-0.769
2017-05-05,0.416,-0.686,-0.304,-0.742
2017-05-12,0.389,-0.684,-0.327,-0.728
2017-05-19,0.366,-0.688,-0.353,-0.717
2017-05-26,0.328,-0.692,-0.4,-0.764
2017-06-02,0.272,-0.73,-0.451,-0.78
2017-06-09,0.261,-0.74,-0.455,-0.777
2017-06-16,0.275,-0.666,-0.406,-0.718
2017-06-23,0.253,-0.63,-0.386,-0.71
2017-06-30,0.465,-0.581,-0.229,-0.687
2017-07-07,0.571,-0.605,-0.092,-0.692
2017-07-14,0.592,-0.617,-0.102,-0.692
2017-07-21,0.505,-0.645,-0.18,-0.683
2017-07-28,0.54,-0.685,-0.186,-0.701
2017-08-04,0.466,-0.692,-0.233,-0.696
2017-08-11,0.38,-0.723,-0.301,-0.719
2017-08-18,0.413,-0.709,-0.267,-0.715
2017-08-25,0.378,-0.736,-0.316,-0.737
2017-09-01,0.376,-0.731,-0.335,-0.756
2017-09-08,0.31,-0.765,-0.386,-0.786
2017-09-15,0.43,-0.703,-0.279,-0.742
2017-09-22,0.445,-0.688,-0.26,-0.727
2017-09-29,0.462,-0.697,-0.269,-0.741
2017-10-06,0.458,-0.704,-0.266,-0.745
2017-10-13,0.402,-0.731,-0.316,-0.757
2017-10-20,0.451,-0.721,-0.275,-0.754
2017-10-27,0.382,-0.773,-0.358,-0.793
2017-11-03,0.362,-0.759,-0.352,-0.77
2017-11-10,0.409,-0.751,-0.329,-0.754
2017-11-17,0.359,-0.718,-0.352,-0.769
2017-11-24,0.359,-0.701,-0.328,-0.743
2017-12-01,0.304,-0.711,-0.351,-0.757
2017-12-08,0.305,-0.745,-0.369,-0.786
2017-12-15,0.299,-0.724,-0.34,-0.831
2017-12-22,0.418,-0.65,-0.216,-0.746
2017-12-29,0.423,-0.639,-0.207,-0.688
2018-01-05,0.436,-0.614,-0.21,-0.663
2018-01-12,0.577,-0.574,-0.124,-0.646
2018-01-19,0.566,-0.61,-0.143,-0.669
2018-01-26,0.626,-0.553,-0.039,-0.624
2018-02-02,0.765,-0.548,0.121,-0.635
2018-02-09,0.741,-0.576,0.093,-0.656
2018-02-16,0.704,-0.576,0.07,-0.638
2018-02-23,0.65,-0.544,0.025,-0.68
2018-03-02,0.648,-0.561,0.013,-0.675
2018-03-09,0.644,-0.568,0.025,-0.693
2018-03-16,0.568,-0.602,-0.041,-0.695
2018-03-23,0.524,-0.62,-0.073,-0.689
2018-03-30,0.494,-0.614,-0.106,-0.694
2018-04-06,0.495,-0.596,-0.103,-0.671
2018-04-13,0.509,-0.59,-0.09,-0.678
2018-04-20,0.588,-0.569,-0.033,-0.674
2018-04-27,0.569,-0.584,-0.048,-0.67
2018-05-04,0.542,-0.587,-0.073,-0.644
2018-05-11,0.557,-0.588,-0.062,-0.656
2018-05-18,0.577,-0.594,-0.058,-0.661
2018-05-25,0.403,-0.632,-0.222,-0.674
2018-06-01,0.382,-0.639,-0.228,-0.656
2018-06-08,0.446,-0.658,-0.2,-0.702
2018-06-15,0.401,-0.626,-0.231,-0.686
2018-06-22,0.335,-0.675,-0.302,-0.699
2018-06-29,0.3,-0.674,-0.306,-0.671
2018-07-06,0.29,-0.663,-0.303,-0.681
2018-07-13,0.338,-0.641,-0.309,-0.675
2018-07-20,0.369,-0.626,-0.281,-0.69
2018-07-27,0.402,-0.606,-0.168,-0.694
2018-08-03,0.406,-0.595,-0.164,-0.658
2018-08-10,0.315,-0.643,-0.25,-0.678
2018-08-17,0.304,-0.658,-0.273,-0.673
2018-08-24,0.343,-0.602,-0.221,-0.644
2018-08-31,0.325,-0.611,-0.233,-0.649
2018-09-07,0.386,-0.561,-0.177,-0.617
2018-09-14,0.449,-0.546,-0.131,-0.61
2018-09-21,0.46,-0.543,-0.118,-0.611
2018-09-28,0.469,-0.532,-0.092,-0.62
2018-10-05,0.572,-0.519,-0.024,-0.624
2018-10-12,0.497,-0.565,-0.098,-0.64
2018-10-19,0.458,-0.588,-0.13,-0.698
2018-10-26,0.351,-0.637,-0.219,-0.714
2018-11-02,0.426,-0.622,-0.175,-0.676
2018-11-09,0.406,-0.605,-0.18,-0.662
2018-11-16,0.366,-0.594,-0.232,-0.679
2018-11-23,0.339,-0.586,-0.241,-0.668
2018-11-30,0.312,-0.602,-0.271,-0.667
2018-12-07,0.248,-0.605,-0.306,-0.647
2018-12-14,0.251,-0.615,-0.306,-0.658
2018-12-21,0.247,-0.615,-0.303,-0.662
2018-12-28,0.238,-0.619,-0.319,-0.644
2019-01-04,0.206,-0.604,-0.348,-0.608
2019-01-11,0.237,-0.592,-0.354,-0.597
2019-01-18,0.261,-0.587,-0.335,-0.586
2019-01-25,0.191,-0.586,-0.298,-0.571
2019-02-01,0.165,-0.587,-0.319,-0.555
2019-02-08,0.086,-0.584,-0.369,-0.527
2019-02-15,0.101,-0.563,-0.354,-0.553
2019-02-22,0.094,-0.571,-0.352,-0.57
2019-03-01,0.182,-0.516,-0.276,-0.551
2019-03-08,0.067,-0.542,-0.351,-0.564
2019-03-15,0.082,-0.547,-0.342,-0.568
2019-03-22,-0.016,-0.571,-0.401,-0.589
2019-03-29,-0.072,-0.611,-0.453,-0.582
2019-04-05,0.004,-0.583,-0.409,-0.565
2019-04-12,0.054,-0.566,-0.377,-0.554
2019-04-19,0.023,-0.581,-0.397,-0.571
2019-04-26,-0.023,-0.604,-0.441,-0.578
2019-05-03,0.024,-0.593,-0.414,-0.578
2019-05-10,-0.045,-0.622,-0.472,-0.584
2019-05-17,-0.105,-0.653,-0.515,-0.581
2019-05-24,-0.118,-0.64,-0.519,-0.582
2019-05-31,-0.204,-0.673,-0.582,-0.63
2019-06-07,-0.258,-0.678,-0.602,-0.621
2019-06-14,-0.256,-0.701,-0.605,-0.651
2019-06-21,-0.286,-0.743,-0.632,-0.701
2019-06-28,-0.329,-0.758,-0.666,-0.683
2019-07-05,-0.365,-0.756,-0.639,-0.701
2019-07-12,-0.212,-0.734,-0.573,-0.687
2019-07-19,-0.325,-0.777,-0.661,-0.717
2019-07-26,-0.378,-0.758,-0.672,-0.681
2019-08-02,-0.497,-0.794,-0.74,-0.734
2019-08-09,-0.578,-0.87,-0.826,-0.787
2019-08-16,-0.687,-0.919,-0.895,-0.828
2019-08-23,-0.677,-0.898,-0.891,-0.813
2019-08-30,-0.702,-0.933,-0.927,-0.859
2019-09-06,-0.64,-0.875,-0.885,-0.78
2019-09-13,-0.45,-0.715,-0.705,-0.654
2019-09-20,-0.523,-0.725,-0.716,-0.698
2019-09-27,-0.575,-0.776,-0.774,-0.731
2019-10-04,-0.588,-0.789,-0.799,-0.702
2019-10-11,-0.444,-0.729,-0.697,-0.652
2019-10-18,-0.384,-0.673,-0.622,-0.646
2019-10-25,-0.364,-0.66,-0.605,-0.65
2019-11-01,-0.384,-0.663,-0.618,-0.647
2019-11-08,-0.264,-0.621,-0.531,-0.611
2019-11-15,-0.336,-0.641,-0.586,-0.649
2019-11-22,-0.36,-0.643,-0.587,-0.651
2019-11-29,-0.362,-0.636,-0.585,-0.637
2019-12-06,-0.288,-0.632,-0.545,-0.65
2019-12-13,-0.291,-0.626,-0.538,-0.662
2019-12-20,-0.254,-0.643,-0.528,-0.691
2019-12-27,-0.258,-0.641,-0.533,-0.671
2020-01-03,-0.284,-0.63,-0.556,-0.634
2020-01-10,-0.201,-0.604,-0.507,-0.602
2020-01-17,-0.216,-0.595,-0.517,-0.591
2020-01-24,-0.336,-0.616,-0.589,-0.604
2020-01-31,-0.436,-0.674,-0.644,-0.619
2020-02-07,-0.386,-0.646,-0.603,-0.602
2020-02-14,-0.402,-0.661,-0.618,-0.615
2020-02-21,-0.432,-0.647,-0.617,-0.633
2020-02-28,-0.609,-0.776,-0.766,-0.741
2020-03-06,-0.712,-0.867,-0.865,-0.791
2020-03-13,-0.548,-0.892,-0.752,-0.863
2020-03-20,-0.326,-0.693,-0.523,-0.724
2020-03-27,-0.479,-0.719,-0.654,-0.742
2020-04-03,-0.444,-0.688,-0.616,-0.67
2020-04-10,-0.351,-0.659,-0.572,-0.642
2020-04-17,-0.475,-0.705,-0.662,-0.555
2020-04-24,-0.476,-0.716,-0.666,-0.563
2020-05-01,-0.589,-0.777,-0.77,-0.559
2020-05-08,-0.539,-0.785,-0.757,-0.582
2020-05-15,-0.533,-0.744,-0.732,-0.584
2020-05-22,-0.49,-0.692,-0.679,-0.592
2020-05-29,-0.449,-0.668,-0.646,-0.59
2020-06-05,-0.278,-0.607,-0.546,-0.586
2020-06-12,-0.441,-0.679,-0.659,-0.589
2020-06-19,-0.418,-0.678,-0.656,-0.58
2020-06-26,-0.483,-0.709,-0.718,-0.582
2020-07-03,-0.434,-0.693,-0.684,-0.58
2020-07-10,-0.469,-0.7,-0.677,-0.594
2020-07-17,-0.45,-0.673,-0.651,-0.597
2020-07-24,-0.449,-0.662,-0.645,-0.583
2020-07-31,-0.525,-0.72,-0.722,-0.583
2020-08-07,-0.51,-0.691,-0.695,-0.584
2020-08-14,-0.423,-0.654,-0.636,-0.587
2020-08-21,-0.509,-0.689,-0.705,-0.579
2020-08-28,-0.41,-0.672,-0.652,-0.575
2020-09-04,-0.474,-0.705,-0.694,-0.59
2020-09-11,-0.482,-0.699,-0.692,-0.603
2020-09-18,-0.487,-0.7,-0.692,-0.593
2020-09-25,-0.53,-0.712,-0.72,-0.612
2020-10-02,-0.537,-0.717,-0.728,-0.613
2020-10-09,-0.528,-0.719,-0.732,-0.653
2020-10-16,-0.622,-0.779,-0.803,-0.697
2020-10-23,-0.576,-0.762,-0.775,-0.715
2020-10-30,-0.628,-0.798,-0.822,-0.733
2020-11-06,-0.621,-0.785,-0.804,-0.726
2020-11-13,-0.549,-0.734,-0.74,-0.701
2020-11-20,-0.584,-0.76,-0.764,-0.689
2020-11-27,-0.589,-0.762,-0.772,-0.699
2020-12-04,-0.549,-0.752,-0.756,-0.709
2020-12-11,-0.638,-0.788,-0.814,-0.74
2020-12-18,-0.574,-0.734,-0.748,-0.75
2020-12-25,-0.55,-0.713,-0.723,-0.73
2021-01-01,-0.572,-0.715,-0.742,-0.735
2021-01-08,-0.522,-0.707,-0.732,-0.671
2021-01-15,-0.544,-0.726,-0.736,-0.65
2021-01-22,-0.514,-0.713,-0.718,-0.64
2021-01-29,-0.519,-0.738,-0.736,-0.671
2021-02-05,-0.448,-0.718,-0.69,-0.667
2021-02-12,-0.429,-0.713,-0.685,-0.654
2021-02-19,-0.307,-0.688,-0.611,-0.65
2021-02-26,-0.262,-0.668,-0.569,-0.624
2021-03-05,-0.303,-0.696,-0.618,-0.634
2021-03-12,-0.307,-0.692,-0.621,-0.626
2021-03-19,-0.295,-0.702,-0.646,-0.644
2021-03-26,-0.348,-0.724,-0.68,-0.663
2021-04-02,-0.329,-0.713,-0.661,-0.679
2021-04-09,-0.304,-0.707,-0.635,-0.676
2021-04-16,-0.264,-0.696,-0.611,-0.68
2021-04-23,-0.259,-0.697,-0.608,-0.646
2021-04-30,-0.203,-0.69,-0.578,-0.65
2021-05-07,-0.216,-0.689,-0.589,-0.649
2021-05-14,-0.131,-0.662,-0.522,-0.645
2021-05-21,-0.131,-0.66,-0.523,-0.648
2021-05-28,-0.183,-0.669,-0.57,-0.655
2021-06-04,-0.214,-0.676,-0.599,-0.662
2021-06-11,-0.274,-0.687,-0.634,-0.668
2021-06-18,-0.202,-0.671,-0.589,-0.659
2021-06-25,-0.156,-0.652,-0.553,-0.645
2021-07-02,-0.236,-0.674,-0.606,-0.647
2021-07-09,-0.294,-0.68,-0.599,-0.677
2021-07-16,-0.355,-0.687,-0.639,-0.667
2021-07-23,-0.421,-0.731,-0.705,-0.658
2021-07-30,-0.462,-0.767,-0.744,-0.666
2021-08-06,-0.457,-0.761,-0.73,-0.675
2021-08-13,-0.468,-0.743,-0.731,-0.668
2021-08-20,-0.496,-0.755,-0.75,-0.677
2021-08-27,-0.425,-0.743,-0.71,-0.674
2021-09-03,-0.363,-0.716,-0.674,-0.682
2021-09-10,-0.332,-0.709,-0.64,-0.68
2021-09-17,-0.281,-0.703,-0.609,-0.673
2021-09-24,-0.229,-0.695,-0.571,-0.69
2021-10-01,-0.226,-0.707,-0.583,-0.683
2021-10-08,-0.152,-0.697,-0.534,-0.682
2021-10-15,-0.169,-0.687,-0.52,-0.69
2021-10-22,-0.107,-0.643,-0.425,-0.683
2021-10-29,-0.107,-0.591,-0.392,-0.69
2021-11-05,-0.283,-0.738,-0.583,-0.726
2021-11-12,-0.26,-0.749,-0.571,-0.772
2021-11-19,-0.344,-0.785,-0.641,-0.804
2021-11-26,-0.338,-0.767,-0.645,-0.805
2021-12-03,-0.391,-0.751,-0.637,-0.768
2021-12-10,-0.349,-0.702,-0.585,-0.758
2021-12-17,-0.382,-0.727,-0.614,-0.669
2021-12-24,-0.253,-0.687,-0.521,-0.647
2021-12-31,-0.182,-0.636,-0.461,-0.666
2022-01-07,-0.045,-0.599,-0.383,-0.661
2022-01-14,-0.048,-0.588,-0.367,-0.663
2022-01-21,-0.067,-0.625,-0.335,-0.676
2022-01-28,-0.047,-0.613,-0.308,-0.68
2022-02-04,0.203,-0.256,0.044,-0.606
2022-02-11,0.294,-0.334,0.08,-0.612
2022-02-18,0.19,-0.483,-0.075,-0.678
2022-02-25,0.229,-0.387,-0.004,-0.665
2022-03-04,-0.073,-0.744,-0.376,-0.724
2022-03-11,0.246,-0.419,-0.015,-0.672
2022-03-18,0.37,-0.35,0.084,-0.663
2022-03-25,0.584,-0.144,0.349,-0.565
2022-04-01,0.553,-0.076,0.374,-0.451
2022-04-08,0.704,0.046,0.525,-0.444
2022-04-15,0.839,0.038,0.57,-0.37
2022-04-22,0.969,0.276,0.75,-0.315
2022-04-29,0.937,0.254,0.674,-0.252
2022-05-06,1.129,0.313,0.848,-0.213
2022-05-13,0.944,0.098,0.595,-0.252
2022-05-20,0.941,0.327,0.651,-0.086
2022-05-27,0.96,0.337,0.656,-0.071
2022-06-03,1.27,0.642,1.011,0.082
2022-06-10,1.514,0.962,1.326,0.262
2022-06-17,1.657,1.071,1.452,0.463
2022-06-24,1.437,0.794,1.157,0.471
2022-07-01,1.229,0.499,0.921,0.347
2022-07-08,1.341,0.512,0.96,0.373
2022-07-15,1.129,0.44,0.824,0.208
2022-07-22,1.027,0.405,0.771,0.372
2022-07-29,0.814,0.264,0.524,0.346
2022-08-05,0.952,0.456,0.706,0.428
2022-08-12,0.985,0.598,0.75,0.435
2022-08-19,1.227,0.809,1.035,0.633
2022-08-26,1.386,0.968,1.172,0.584
2022-09-02,1.521,1.084,1.301,0.635
2022-09-09,1.694,1.31,1.532,0.947
2022-09-16,1.754,1.516,1.641,1.138
2022-09-23,2.02,1.9,2.013,1.76
2022-09-30,2.105,1.747,1.959,1.67
2022-10-07,2.191,1.85,2.035,1.683
2022-10-14,2.343,1.945,2.109,1.842
2022-10-21,2.413,2.029,2.207,2.032
2022-10-28,2.099,1.925,1.991,1.988
2022-11-04,2.292,2.12,2.168,2.245
2022-11-11,2.157,2.188,2.083,2.277
2022-11-18,2.01,2.081,1.979,2.13
2022-11-25,1.971,2.178,2.005,2.269
2022-12-02,1.851,2.096,1.863,2.123
2022-12-09,1.928,2.141,1.938,2.257
2022-12-16,2.148,2.415,2.216,2.392
2022-12-23,2.393,2.648,2.439,2.496
2022-12-30,2.565,2.738,2.566,2.555
2023-01-06,2.207,2.573,2.245,2.716
2023-01-13,2.165,2.577,2.196,2.64
2023-01-20,2.172,2.564,2.204,2.705
2023-01-27,2.237,2.571,2.251,2.646
2023-02-03,2.189,2.538,2.195,2.725
2023-02-10,2.362,2.752,2.397,2.913
2023-02-17,2.438,2.866,2.505,2.976
2023-02-24,2.535,3.021,2.628,3.131
2023-03-03,2.711,3.201,2.83,3.264
2023-03-10,2.504,3.081,2.637,3.216
2023-03-17,2.102,2.371,2.088,2.671
2023-03-24,2.124,2.381,2.092,2.734
2023-03-31,2.289,2.673,2.305,2.97
2023-04-07,2.181,2.546,2.177,2.962
2023-04-14,2.436,2.865,2.467,3.155
2023-04-21,2.479,2.91,2.517,3.239
2023-04-28,2.31,2.675,2.3,3.073
2023-05-05,2.289,2.563,2.228,3.04
2023-05-12,2.274,2.584,2.218,3.072
2023-05-19,2.425,2.744,2.401,3.106
2023-05-26,2.537,2.932,2.555,3.203
2023-06-02,2.311,2.796,2.335,3.202
2023-06-09,2.375,2.907,2.418,3.317
2023-06-16,2.472,3.11,2.577,3.476
2023-06-23,2.352,3.099,2.492,3.568
2023-06-30,2.39,3.188,2.546,3.564
2023-07-07,2.634,3.246,2.735,3.673
2023-07-14,2.509,3.197,2.606,3.703
2023-07-21,2.465,3.084,2.551,3.635
2023-07-28,2.491,3.044,2.543,3.562
2023-08-04,2.559,3.008,2.579,3.576
2023-08-11,2.622,3.033,2.626,3.557
2023-08-18,2.619,3.038,2.621,3.56
2023-08-25,2.559,3.027,2.582,3.547
2023-09-01,2.546,2.984,2.525,3.533
2023-09-08,2.608,3.073,2.612,3.574
2023-09-15,2.673,3.21,2.69,3.7
2023-09-22,2.737,3.248,2.746,3.719
2023-09-29,2.838,3.198,2.774,3.68
2023-10-06,2.883,3.128,2.756,3.639
2023-10-13,2.735,3.134,2.677,3.677
2023-10-20,2.888,3.117,2.781,3.672
2023-10-27,2.83,3.031,2.681,3.629
2023-11-03,2.643,2.955,2.54,3.61
2023-11-10,2.716,3.058,2.653,3.643
2023-11-17,2.586,2.958,2.529,3.595
2023-11-24,2.642,3.068,2.615,3.562
2023-12-01,2.36,2.676,2.261,3.255
2023-12-08,2.275,2.689,2.23,3.346
2023-12-15,2.014,2.496,1.996,3.222
2023-12-22,1.977,2.418,1.913,3.165
2023-12-29,2.021,2.392,1.942,3.146
2024-01-05,2.155,2.564,2.099,3.265
2024-01-12,2.183,2.512,2.075,3.271
2024-01-19,2.34,2.734,2.279,3.335
2024-01-26,2.298,2.628,2.195,3.227
2024-02-02,2.24,2.56,2.164,3.27
2024-02-09,2.38,2.713,2.334,3.341
2024-02-16,2.401,2.813,2.388,3.394
2024-02-23,2.361,2.85,2.371,3.375
2024-03-01,2.412,2.886,2.426,3.428
2024-03-08,2.266,2.756,2.276,3.359
2024-03-15,2.441,2.943,2.467,3.44
2024-03-22,2.322,2.824,2.331,3.341
2024-03-29,2.297,2.846,2.32,3.327
2024-04-05,2.397,2.871,2.388,3.342
2024-04-12,2.358,2.851,2.364,3.342
2024-04-19,2.499,2.997,2.523,3.377
2024-04-26,2.574,2.982,2.585,3.416
2024-05-03,2.494,2.92,2.513,3.374
2024-05-10,2.516,2.963,2.548,3.386
2024-05-17,2.515,2.983,2.56,3.364
2024-05-24,2.583,3.084,2.65,3.422
2024-05-31,2.663,3.093,2.706,3.419
2024-06-07,2.618,3.082,2.681,3.404
2024-06-14,2.359,2.759,2.371,3.227
2024-06-21,2.408,2.782,2.41,3.142
2024-06-28,2.497,2.828,2.479,3.185
2024-07-05,2.553,2.884,2.528,3.206
2024-07-12,2.494,2.816,2.472,3.167
2024-07-19,2.466,2.777,2.419,3.141
2024-07-26,2.406,2.612,2.329,3.064
2024-08-02,2.172,2.345,2.075,2.826
2024-08-09,2.223,2.379,2.129,2.861
2024-08-16,2.245,2.43,2.172,2.892
2024-08-23,2.223,2.37,2.13,2.792
2024-08-30,2.298,2.388,2.187,2.811
2024-09-06,2.17,2.226,2.044,2.668
2024-09-13,2.147,2.206,2.017,2.682
2024-09-20,2.206,2.227,2.064,2.64
2024-09-27,2.132,2.074,1.951,2.484
2024-10-04,2.209,2.2,2.07,2.538
2024-10-11,2.265,2.232,2.119,2.585
2024-10-18,2.182,2.104,2.017,2.386
2024-10-25,2.29,2.112,2.113,2.363
2024-11-01,2.404,2.245,2.253,2.437
2024-11-08,2.365,2.18,2.201,2.467
2024-11-15,2.354,2.116,2.174,2.411
2024-11-22,2.241,1.987,2.055,2.205
2024-11-29,2.086,1.945,1.924,2.232
2024-12-06,2.106,1.997,1.967,2.255
2024-12-13,2.256,2.067,2.086,2.213
2024-12-20,2.283,2.024,2.087,2.208
2024-12-27,2.395,2.092,2.188,2.195
2025-01-03,2.423,2.156,2.227,2.287
2025-01-10,2.593,2.28,2.378,2.39
2025-01-17,2.532,2.224,2.337,2.31
2025-01-24,2.568,2.286,2.38,2.308
2025-01-31,2.458,2.11,2.233,2.121
2025-02-07,2.37,2.043,2.152,2.051
2025-02-14,2.431,2.11,2.224,2.07
2025-02-21,2.469,2.102,2.239,2.072
2025-02-28,2.405,2.021,2.149,2.002
2025-03-07,2.835,2.242,2.514,2.109
2025-03-14,2.874,2.181,2.5,2.063
2025-03-21,2.764,2.128,2.402,2.054
2025-03-28,2.726,2.017,2.318,1.977
